﻿<?xml version="1.0"?>
<configuration date="2017/09/11" author="e.World Technology Ltd.">
<project id="{13D25F72-8F7B-4FA3-9328-7C3143C406A5}" file="D:\backups\tawseela\project.pmp" name="project" product="PHPMaker" version="10.0" datetime="2017/09/11 11:52:19" languagefolder="phplang" userlevel="">
<table id="guests" name="guests" caption="guests" userlevel="" priv="1"/>
<table id="migrations" name="migrations" caption="migrations" userlevel="" priv="1"/>
<table id="password_resets" name="password_resets" caption="password resets" userlevel="" priv="1"/>
<table id="stations" name="stations" caption="stations" userlevel="" priv="1"/>
<table id="travels" name="travels" caption="travels" userlevel="" priv="1"/>
<table id="users" name="users" caption="users" userlevel="" priv="1"/>
</project></configuration>
